{
	"class_name": "PinholeCameraParameters",
	"extrinsic": [
		1.0,
		-0.0,
		0.0,
		-20,
		0.0,
		1.0,
		-0.0,
		0,
		0.0,
		-0.0,
		1.0,
		0.0,
		-0,
		0,
		2.0,
		1.0
	],
	"intrinsic": {
		"height": 480,
		"intrinsic_matrix": [
			935.30743608719376,
			0.0,
			0.0,
			0.0,
			935.30743608719376,
			0.0,
			819.5,
			539.5,
			1.0
		],
		"width": 640
	},
	"version_major": 1,
	"version_minor": 0
}